Country Name,2002,2003,2004,2005,2006,2007,2008,2009,2010,2011,2012,2013,2014,2015,2016,2017,2018
Africa Eastern and Southern,1.4533309710000002,1.296012209,1.3939860640000001,1.397303402,1.458672473,1.482146197,1.5527399599999998,1.6461983310000001,1.81883843,1.775109257,1.6639937,1.5451673000000001,1.667404299,1.658181339,1.4987147,1.72881867,1.622882922
Afghanistan,1.6698,1.458,1.3348,1.7904,1.5517,1.9153,1.4554,2.0407,2.0111,1.6599000000000002,2.0296,2.0485,2.0175,2.1336999999999997,1.9819,2.0251,2.1649000000000003
Africa Western and Central,1.011113025,1.075369185,1.0895563689999999,1.1433746800000002,1.180559127,1.107140662,1.231758342,1.19205414,1.1860556160000002,1.063085093,1.1897458880000003,1.114155072,1.194152849,1.2396395910000002,1.241197669,1.2068111559999999,1.2761003880000001
Angola,0.6272000000000001,0.6461,0.49169999999999997,0.5834,0.44589999999999996,0.4643,0.6527000000000001,0.5714,0.6293,0.6624,0.552,0.8144,0.8882000000000001,0.9825,0.7798999999999999,0.7547,0.7533
Albania,3.2919,3.1856999999999998,3.4663000000000004,3.4621,3.6026,3.7284,4.0812,4.315300000000001,4.7618,4.7507,4.8838,4.9498,4.892600000000001,4.8738,4.716399999999999,4.813,4.8405
Arab World,2.290248602,2.3210687420000005,2.250006954,2.09224616,2.452068802,2.104586792,2.29586895,2.6172710510000003,2.242412748,2.52486915,2.032472838,1.9673706960000001,1.796045339,2.057438839,1.7052749329999999,1.869677439,2.0114616489999997
United Arab Emirates,18.0646,20.927799999999998,20.3736,20.2152,20.9008,21.4286,22.265900000000002,24.7166,18.0698,24.0643,12.112200000000001,36.761900000000004,13.7854,32.0287,31.5382,30.235,27.582099999999997
Argentina,3.2823,3.3188,3.6496999999999997,4.1107,3.718,4.2747,4.1021,3.2673,4.8486,4.612100000000001,4.146199999999999,4.7968,4.8368,4.7793,5.2038,5.4049,4.671399999999999
Armenia,2.2047,1.5671,2.2808,1.9387,1.3239,2.5926,2.405,2.2503,2.0682,2.789,2.6505,3.0725,3.1816,3.1321,3.0761,1.9750999999999999,2.6235999999999997
Antigua and Barbuda,1.5625,1.5714000000000001,1.5789000000000002,1.5974000000000002,1.625,1.6014000000000002,1.619,1.5902,1.5859,1.5974000000000002,1.5953,1.5931,1.5804,1.5811,1.5873,1.5856,1.5839
Australia,2.1975,1.0207,2.1164,1.6945999999999999,2.1117,0.9813,1.3327,1.6514000000000002,1.6615,2.0975,2.2316,1.9361,2.138,2.0274,2.0751999999999997,2.6743,2.0355
Austria,5.831,5.2554,6.4955,6.133100000000001,5.7218,5.8441,6.807300000000001,6.1495,5.9031,7.0567,6.0028999999999995,5.8468,7.0466999999999995,6.1981,7.2463999999999995,6.2606,6.16
Azerbaijan,2.6231999999999998,2.6041,2.5888,2.5930999999999997,2.5993000000000004,2.6674,2.7415,2.6067,2.0206,2.4844,2.6597,2.6923000000000004,2.3436,3.0836,3.0051,2.9421999999999997,3.0136999999999996
Burundi,1.3088,1.2841,1.3280999999999998,1.3443,1.277,1.3015,1.2808,1.2959,1.2319,1.1536,1.1069,1.1785999999999999,1.3329000000000002,1.203,1.4837,1.048,1.2484000000000002
Belgium,8.5009,8.530700000000001,9.184899999999999,8.6495,8.373299999999999,8.6377,8.8858,9.71,9.3481,9.009,8.6663,9.2125,9.4354,9.8422,6.9848,9.0507,8.154
Benin,1.1311,1.1487,1.146,1.1364,1.1905,1.286,1.1587,1.4235,1.2006,1.5178,1.3732,1.4795999999999998,1.4603,1.3367,1.4559000000000002,1.4054,1.4324000000000001
Burkina Faso,0.9427000000000001,0.9963,0.9407000000000001,1.1272,1.2039000000000002,0.9361,1.0399,1.002,1.0627,0.9951,1.203,1.1565,1.2258,1.1689,1.1368,1.009,1.1079
Bangladesh,3.395,3.4793000000000003,3.4394,3.6816,3.7614,4.0209,4.1025,4.176,4.2883000000000004,4.3528,4.3958,4.5086,4.5409,4.5604,4.601,4.706,4.7907
Bulgaria,3.1563000000000003,2.3713,4.0778,3.387,3.5725,2.5237,4.0943000000000005,3.413,4.031,4.2512,3.6718,4.561,4.8607,4.6696,4.8178,5.4797,5.4638
"Bahamas, The",3.05,3.4,3.55,3.6,3.8,4.0,4.7619,6.0,7.5333000000000006,7.3085,7.3404,7.4132,7.5003,8.3525,8.732700000000001,9.0818,8.722299999999999
Bosnia and Herzegovina,3.8282,2.5216,4.4335,4.2533,4.2908,3.2232,4.4271,4.503100000000001,3.853,3.7249,3.0006,4.0269,3.9774000000000003,3.8121,5.1917,3.7321,5.4879
Belarus,2.4778000000000002,2.433,2.9861,2.8485,2.5505,2.8809,3.5496999999999996,3.3679,2.8083,3.2414,3.4791,3.0078,3.7205,3.6902,3.2073,3.3587,2.7248
Belize,2.4489,2.8518000000000003,2.3657,2.8695,2.6723000000000003,2.9395,2.4272,2.6865,3.2234000000000003,3.1555,3.4511,3.6155999999999997,3.5946,2.8978,3.1646,4.229100000000001,4.043699999999999
Bolivia,1.7124000000000001,1.9633,1.6187,1.927,2.1001,1.7632999999999999,2.0164,2.346,2.2673,2.0453,2.1132,1.7179,1.9581,2.2802,2.1113000000000004,1.8456,2.3337
Brazil,2.8448,3.3854,3.1318,2.8826,3.2105,3.5530999999999997,3.8313,3.5321,4.0405999999999995,4.0375,4.5845,4.8264,4.6404,5.0004,4.1815,5.2095,4.8058000000000005
Barbados,2.6265,2.63,2.6595999999999997,2.7368,2.7,2.6666999999999996,2.7409,2.8270999999999997,2.8842,2.9876,3.2,2.8333000000000004,2.7,2.7552,2.8870999999999998,2.9,2.9123
Brunei Darussalam,0.7293999999999999,0.7928,0.819,0.8727999999999999,0.8091,0.7255,0.7008,0.5147,0.5801000000000001,0.9227000000000001,0.9772000000000001,0.9663999999999999,1.4305,2.146,1.5584,1.6604,2.004
Bhutan,1.549,1.7913,2.9951999999999996,2.3349,2.1997,1.9992,2.7415,2.1604,2.4691,2.8017,2.9442,2.9417,3.1294,3.4765,3.3775,3.3708,3.4669
Botswana,0.3573,1.2145,0.2743,0.43860000000000005,0.37239999999999995,0.6392,0.3608,0.36360000000000003,0.37160000000000004,0.45230000000000004,0.36719999999999997,0.2176,0.30519999999999997,0.9405,0.3998,0.3207,0.37739999999999996
Central African Republic,1.0483,1.0095,1.0077,1.0182,0.9897,0.9512,0.9468,0.9484,1.4474,1.5168,1.6754,1.2567000000000002,0.8962,0.8841,0.8801,0.907,0.9451
Canada,2.3754,2.7588000000000004,3.1419,3.2159,3.0463,2.9734000000000003,3.3916999999999997,3.2995,3.5096,3.5708,3.4587,4.1629,3.654,3.6801999999999997,4.2692,4.0763,3.8787
Central Europe and the Baltics,3.259862346,2.862676356,4.128801643,3.7407450840000003,3.2857149289999996,3.009364336,3.9114254969999998,3.66070902,3.764982061,4.03707936,3.4915622840000005,4.149561361999999,4.656460742,4.255412411,4.617852835000001,4.868755396,4.730995818
Switzerland,6.2698,5.0865,6.7325,6.3004,6.165,6.4185,6.4131,6.5783000000000005,6.0939,6.8746,6.464300000000001,5.945600000000001,7.0433,6.4315,5.1546,6.8002,6.2036999999999995
Chile,5.1833,5.39,5.6575,5.8111999999999995,5.9983,5.7443,5.844399999999999,5.4623,6.8153999999999995,6.9278,6.2296000000000005,6.9132,6.1284,7.0823,6.8582,6.781,7.1452
China,4.8735,4.8758,5.1898,5.2256,5.3155,5.3198,5.5492,5.4498999999999995,5.5261000000000005,5.7094,5.827100000000001,5.894100000000001,5.8932,5.8963,5.9795,6.0286,6.0813999999999995
Cote d'Ivoire,1.7509000000000001,1.827,1.8539,1.8363,1.8279,1.5694000000000001,1.735,1.7115,2.2705,1.8828,2.0798,2.1766,2.2228000000000003,2.2351,2.2303,2.2546999999999997,2.278
Cameroon,1.6827,1.6199000000000001,1.5632000000000001,1.6697,1.7003,1.6763,1.6785,1.7229,1.6487,1.71,1.5915,1.6764000000000001,1.6298,1.625,1.6509,1.6827999999999999,1.646
"Congo, Dem. Rep.",0.772,0.7715,0.7717,0.7717,0.7716000000000001,0.7716000000000001,0.7716000000000001,0.7716000000000001,0.7717,0.7713,0.7715,0.7719,0.7687999999999999,0.7687,0.77,0.7694,0.7692
"Congo, Rep.",0.772,0.7807000000000001,0.7764,0.7706000000000001,0.7777999999999999,0.7641,0.7714,0.7914,0.785,0.7943,0.8098,0.8309,0.825,0.8202,0.8222999999999999,0.8262,0.8301000000000001
Colombia,3.3348,3.6159,3.579,3.637,3.3529,3.5926,3.6582,3.605,3.4033,3.3449,3.6951,3.2626999999999997,4.1031,4.2904,4.3424,4.679600000000001,4.5346
Comoros,1.3097999999999999,1.3108,1.311,1.3100999999999998,1.277,1.3345,1.2852999999999999,1.3202,1.3588,1.3514000000000002,1.3155999999999999,1.3785999999999998,1.3624,1.3505,1.3556,1.3649,1.37
Cabo Verde,0.1485,0.3792,0.3852,0.2432,0.218,0.15880000000000002,0.2338,0.2308,0.22,0.1778,0.19619999999999999,0.18230000000000002,0.0343,0.2765,0.178,0.157,0.12279999999999999
Costa Rica,3.6834000000000002,3.1714,3.0594,3.1891,3.759,3.5382,3.8143000000000002,3.7906999999999997,3.1992,3.4189000000000003,3.6215,3.2833,4.4975,3.8316,4.0261,3.731,4.293699999999999
Caribbean small states,3.7472544799999996,3.844034203,3.771318026,3.59550217,4.121637458,3.979445555,3.879072553,3.9990557759999996,3.986321461,4.072668347,4.2394791640000005,4.593713895,3.587948423,3.644002567,3.656657915,3.9245706909999996,5.286197072
Cuba,3.1231999999999998,3.1888,2.9215,2.5616,2.7828000000000004,2.9129,2.6742,2.0688,1.9372,2.6191,2.8032,2.9038000000000004,2.8137,2.9646,2.9393000000000002,2.8543000000000003,2.8765
Cyprus,2.3944,2.2639,1.6779000000000002,1.2056,1.2197,1.5960999999999999,0.1763,1.8237999999999999,1.9984000000000002,1.9544000000000001,2.3993,1.688,0.291,2.683,0.4363,1.8027,1.9553
Czech Republic,4.324,3.9408000000000003,5.4436,4.7416,4.159,4.522,5.3628,5.0739,4.6958,5.5926,4.5295,5.3093,6.2198,5.8806,6.317,5.4975,5.200399999999999
Germany,6.2515,5.7645,7.355300000000001,6.723199999999999,6.4866,6.1829,7.1188,7.2014,6.6852,6.4583,6.964899999999999,7.318,8.0503,7.4978,7.1821,7.2699,6.2199
Djibouti,1.6667,1.6667,1.6587,1.5,1.6667,1.7382,1.7806,1.8167,1.8483,1.8793,2.0,2.0,1.9928,2.0088,2.0503,2.0775,2.1047
Dominica,1.3640999999999999,1.3333,1.3775,1.3571,1.4047,1.4483,1.4377,1.4367999999999999,1.4167,1.4,1.6667,1.6667,1.5773,1.5806,1.6038,1.6162999999999998,1.6289
Denmark,5.7618,6.0966000000000005,6.0131000000000006,6.1533999999999995,5.7783999999999995,5.675800000000001,6.017399999999999,6.779,5.8759,5.8865,6.309699999999999,6.3166,6.7521,6.8847,6.222,6.9165,4.9462
Dominican Republic,4.3434,4.0008,3.8248,3.8085999999999998,4.262899999999999,4.3681,4.4688,3.9543000000000004,4.436,4.605600000000001,3.7477,4.0315,3.02,3.1015,3.152,3.1535,3.0674
Algeria,1.0586,1.4703,1.3440999999999999,1.5008,1.5037,1.2535,1.034,1.6539000000000001,1.4743,1.6433,1.6776,1.8131,1.3692,1.4002000000000001,1.0204,0.9903,1.7588
East Asia & Pacific (excluding high income),4.331479582,4.331785457,4.552994492,4.605911551,4.687580447,4.719285631000001,4.894721970000001,4.85036657,4.9133182369999995,5.052979693,5.169954342,5.2215888260000005,5.2527828979999995,5.325471832,5.370194904999999,5.379366065999999,5.422006811999999
Early-demographic dividend,2.5438996,2.641505396,2.663145264,2.769616298,2.800477461,2.895192313,2.961899696,2.953212452,3.0434356190000003,3.1432553739999998,3.212459566,3.276180894,3.2914151809999996,3.293572581,3.403081704,3.531012731,3.53523723
East Asia & Pacific,4.131399512,3.988096978,4.2783993030000005,4.275289870000001,4.414668775999999,4.337033721,4.500072166,4.495610203999999,4.5603070820000005,4.751783967000001,4.8674664309999995,4.900356509,4.955385365,5.019184714,5.081763575,5.1258596590000005,5.130122299000001
Europe & Central Asia (excluding high income),2.128156837,1.9585355,2.2334142499999996,2.17011553,2.1956211480000003,2.0587840550000003,2.542990606,2.452469535,2.220654541,2.718554357,2.244369123,2.72117875,2.8549545129999996,2.805213136,3.025700103,3.160301728,3.1548007399999998
Europe & Central Asia,3.142784764,2.9005324530000003,3.3924647200000004,3.1714589899999996,3.1242266809999997,3.058249069,3.5471808950000003,3.432195639,3.289516787,3.5839984950000003,3.278561062,3.6513343920000003,3.889855493,3.789561101,3.8107190810000002,3.961168344,3.833571993
Ecuador,2.4346,2.6173,2.9221999999999997,2.8416,2.83,3.144,2.9803,2.9655,3.1062,2.6058000000000003,3.2588000000000004,2.9115,3.5264,4.3214,3.7891,3.4129,3.9358
"Egypt, Arab Rep.",7.445600000000001,7.5154,7.5562,7.536899999999999,7.5001999999999995,7.4185,7.4521999999999995,7.1583000000000006,6.5043,7.2463,7.269,7.2853,7.085100000000001,7.1171999999999995,7.2489,7.4011000000000005,7.1485
Euro area,5.367224093,4.795412993999999,5.869799710000001,5.222685466,5.245316608,5.31852594,5.772398159000001,5.692456892,5.511310733,5.618274101,5.58831451,5.8398173049999995,6.100111460999999,5.991304147,5.451625942000001,5.751234746,5.5145392499999994
Eritrea,0.15819999999999998,0.261,0.2753,0.7582000000000001,0.7985,0.9385,0.2522,0.5001,0.5117,0.6491,0.6894,0.6698,0.6661,0.642,0.6427999999999999,0.6445,0.6524
Spain,3.222,3.2506999999999997,3.7500999999999998,2.1593,3.0282,3.9339,3.5735,2.9448000000000003,3.2915,3.6918,2.8425,4.0470999999999995,3.2485,3.2431,3.8778,2.7702,4.0678
Estonia,2.024,1.9217,2.3303000000000003,2.6944,2.2099,3.0091,2.7928,2.7605,2.4642,2.5989,3.412,3.1355999999999997,3.6696,4.381600000000001,2.6584,3.9673000000000003,2.6248
Ethiopia,1.3537000000000001,1.1233,1.1625999999999999,1.3614000000000002,1.5633,1.439,1.4463,1.6825,1.8328,1.9616,2.0468,2.1931,2.3254,2.5561,2.484,2.5126,2.3945
European Union,4.605361715999999,4.144744896,5.238289509,4.711529797,4.56201292,4.491058111,5.105972953,4.969022729000001,4.916014728,5.0610076479999995,4.821251305,5.253388976,5.608167442,5.3741453759999995,5.189800679,5.499546649,5.239905664
Fragile and conflict affected situations,1.3407980810000002,1.3624085400000001,1.3946620760000001,1.42666957,1.543259845,1.493507719,1.509512888,1.6201323960000003,1.579663263,1.507482067,1.522690265,1.436748379,1.485708556,1.547763535,1.496585216,1.4916009869999998,1.525439062
Finland,3.295,3.178,3.2106,3.4229000000000003,3.2938,3.6546999999999996,3.5423,3.7604,3.1353,3.5216999999999996,3.5336,3.6895,3.6914000000000002,3.6139,3.5733,3.9579,3.0128000000000004
Fiji,2.3798000000000004,2.3389,2.3528000000000002,2.3491999999999997,2.2835,2.6524,2.2661,2.819,2.8710999999999998,2.8213000000000004,2.4234,2.9995,3.5141,3.0011,3.001,3.001,3.0023
France,7.453,6.1253,7.5187,6.9654,6.8005,6.5206,7.252800000000001,7.4124,7.0686,6.9193,7.2545,7.0848,7.556,7.57,5.6682,7.3067,6.884600000000001
"Micronesia, Fed. Sts.",1.2389000000000001,1.2435,1.2546,1.2722,1.2874,1.1929,1.3660999999999999,1.4214,1.4752,1.5281,1.6743,1.6738,1.6724,1.6713,1.715,1.7492,1.7838
Gabon,1.4494,1.5380999999999998,1.5597999999999999,1.5699,1.58,1.6670999999999998,1.6114000000000002,1.5891,1.595,1.5960999999999999,1.6005999999999998,1.6004,1.5939,1.5954000000000002,1.5985,1.5991,1.5996
United Kingdom,7.076899999999999,7.0328,7.0318000000000005,7.1965,7.2786,6.6323,7.4201999999999995,7.0296,6.953,6.9847,6.2151000000000005,6.631600000000001,7.6965,7.980899999999999,7.022600000000001,7.229,6.7886999999999995
Georgia,1.8600999999999999,2.1369000000000002,2.0034,2.0116,1.5837999999999999,2.1145,2.0904000000000003,1.9078,1.2714,2.2013000000000003,2.1864,2.2006,2.0328,1.9593,2.5176,1.9801,2.5364
Ghana,1.349,1.3964,1.3733,1.4323,1.3345,1.317,1.5980999999999999,1.6598,1.8143,1.5942,1.7681,1.6887999999999999,1.7034,1.8303,1.8424,1.907,1.8642999999999998
Guinea,1.4872,1.4848,1.4912999999999998,1.4955999999999998,1.502,1.514,1.4647000000000001,1.4843,1.1847,1.226,1.1522000000000001,1.1896,1.123,1.1182,1.1502000000000001,1.1587,1.1867
"Gambia, The",0.9602999999999999,1.1997,1.1708,1.0403,1.0264000000000002,0.8002999999999999,0.9772000000000001,1.0517,1.1294000000000002,0.8685,0.9103,0.9598,0.7462000000000001,0.8389,0.8759,0.8476,0.8405
Guinea-Bissau,1.0673,1.0759,1.164,1.3256,1.4125999999999999,1.3460999999999999,1.4903,1.6267,1.7176,1.5816,1.5043,1.3913,1.3855,1.3857000000000002,1.321,1.2547000000000001,1.3122
Greece,3.7472,3.6936,4.0174,4.0498,3.9189000000000003,3.9299,4.5158000000000005,4.2661999999999995,4.0649,4.3441,4.2067,4.3933,4.2865,4.214899999999999,4.2235,4.3172,3.7986
Grenada,0.9971,0.9996,1.0006,0.9843999999999999,1.0,1.0,1.0056,1.0071,1.0084,1.009,1.0286,1.0,1.002,1.0055,1.0066,1.0064,1.0063
Guatemala,2.0172,2.0536999999999996,2.1170999999999998,2.3119,2.5141,2.3058,2.0105999999999997,1.9833,1.9966,2.0004,2.0367,2.0824000000000003,2.0924,2.1157,2.1523000000000003,2.1533,2.1603000000000003
Guam,2.0,2.0264,2.0615,2.0975,2.0,2.3333000000000004,2.2711,2.3137,2.3562,2.3987,2.5,2.5,2.5365,2.5877,2.6319,2.6753,2.7194000000000003
Guyana,4.084,4.1555,4.216600000000001,3.8614,4.523,4.2222,4.1615,4.3455,4.1654,4.3439,4.4654,4.9367,3.3945,3.5674,3.5158,3.6199,5.689
High income,4.618111642,4.515605192,5.322171517,4.955916816,4.896889599,4.998881099999999,5.16668772,5.368318537,5.286087525999999,5.330128543,4.94950006,5.645850113000001,5.9158235139999995,5.754747647,6.239964129,6.297538354,6.074772165
Honduras,1.3417999999999999,1.5334,1.3881,1.5065,1.5223,1.6827,1.6805,1.7272,1.6602999999999999,1.7115,1.6469,1.6679000000000002,1.8548,1.8200999999999998,1.8912,1.8264,1.8365
Heavily indebted poor countries (HIPC),1.1049266439999998,1.0699185910000002,1.08674542,1.137033905,1.2040516319999999,1.212547026,1.215294028,1.3382607640000002,1.3839727929999999,1.339772938,1.368644595,1.304886153,1.3613286279999999,1.4258902699999998,1.3544251880000002,1.387824742,1.397851595
Croatia,5.3162,3.601,5.4089,5.5928,5.4201999999999995,4.5581000000000005,6.6391,6.1098,5.456,5.22,4.573600000000001,5.4449,6.027699999999999,5.695,6.6655,5.7048000000000005,6.9753
Haiti,0.9204,0.9208,0.9338,0.9568,0.9629,0.9598,0.9611000000000001,0.9946,0.9775,0.9807,1.077,1.0599,1.0144,1.0163,1.0539,1.1317000000000002,1.1208
Hungary,3.9631999999999996,3.0389,5.589899999999999,5.5266,5.097300000000001,3.492,5.8002,4.715199999999999,4.719,5.1051,3.7611,4.8315,5.897,5.243399999999999,6.4866,5.8355,6.2622
IBRD only,2.994838222,3.025859694,3.156869659,3.1676246040000002,3.2324514879999997,3.279659354,3.501553611,3.4321325829999996,3.514989697,3.6883351409999996,3.6962592180000002,3.8418479340000005,3.890995915,3.9319320450000004,4.002345028000001,4.1443291669999995,4.140689385000001
IDA & IBRD total,2.717731987,2.725765092,2.844531813,2.855188779,2.9166825760000004,2.965657281,3.129172782,3.1159657820000004,3.148582331,3.295281153,3.271807673,3.359631889,3.4009149759999997,3.4643480920000003,3.4762564420000004,3.614742943,3.604253183
IDA total,1.737850303,1.737008713,1.7726350969999998,1.8367043429999999,1.906895596,1.944048018,1.947551564,2.076057166,2.047278134,2.044165665,2.013969945,1.9638215589999999,2.016865383,2.06803646,2.019850688,2.080644819,2.086911717
IDA blend,1.700625911,1.7668220420000003,1.841990431,1.8977022190000001,1.9242310379999998,1.948370151,1.978827841,2.0905143670000004,2.02247186,2.04229839,2.055047936,2.048741757,2.1470429319999997,2.115338527,2.192382991,2.214021346,2.21979848
Indonesia,4.1695,4.2481,4.2745,4.3113,4.3658,4.4648,4.6943,4.8126999999999995,4.8776,4.8863,5.082,5.0854,5.0955,5.3066,5.2515,5.181100000000001,5.2267
IDA only,1.75463516,1.723979464,1.740914451,1.809696536,1.898955205,1.9420751920000003,1.934184477,2.070546499,2.0566749019999997,2.0448785949999997,1.999903104,1.9355252699999999,1.9726509870000002,2.050681537,1.954882527,2.031163921,2.039637004
India,2.1873,2.3994,2.35,2.4116,2.4465,2.5833000000000004,2.6379,2.5808,2.6764,2.8607,2.9635,2.9699,2.9604,2.8567,3.008,3.1626,3.2479
Ireland,6.5671,7.1007,8.0779,6.9047,7.465199999999999,7.1888000000000005,7.6449,6.8871,7.456300000000001,8.4415,6.7412,7.8021,8.4714,9.0082,8.2228,8.7832,7.0888
"Iran, Islamic Rep.",2.2729,2.3834,2.4171,2.3011999999999997,2.3918000000000004,2.4543000000000004,1.7209,1.9972,2.1735,1.7137,1.7454,1.8471,2.0515,2.2308000000000003,2.6535,2.2472,2.2988000000000004
Iraq,1.3064,1.2098,1.1916,0.9481,1.3292,1.2648,1.4035,1.7745,1.6970999999999998,1.7985,2.3189,2.2148000000000003,2.0481,2.6935,3.0835,2.7506,2.5742
Israel,2.6895,3.3065,3.0667,2.9519,2.3985,2.7521,2.4388,3.1740999999999997,3.0376,3.6693000000000002,4.2995,4.1771,4.5344,4.5268999999999995,4.9725,3.5693,3.0354
Italy,4.9592,4.3072,5.4444,5.3614,5.3161000000000005,5.174,5.353,5.0869,5.3225,5.6772,5.3151,5.264600000000001,5.7175,5.4022,5.599,5.1748,5.264600000000001
Jamaica,1.1798,1.2303,1.1854,1.2559,1.2289,1.2222,1.2942,1.3157,1.2669000000000001,1.3564,1.2828,1.2003,1.1387,1.1431,1.0900999999999998,1.1625,1.1485
Jordan,1.2942,1.4179000000000002,1.3107,1.5245,0.9667,1.0494,1.1451,1.2441,1.9626,1.9041,1.5563,1.6602000000000001,1.4554,1.5187,1.9376,1.5963,1.5064000000000002
Japan,6.0855,5.451,5.9423,6.154,5.852399999999999,6.0621,6.2623999999999995,5.9195,5.8536,6.0123,6.1343000000000005,6.1053999999999995,6.0805,6.0912,6.0828999999999995,6.0489,5.9188
Kazakhstan,1.1457,1.0775,0.8843,0.9982000000000001,1.1709,1.3269000000000002,1.0112999999999999,1.2530999999999999,0.8041,1.6885999999999999,0.865,1.1649,1.1727,1.2781,1.3477000000000001,1.355,1.3594000000000002
Kenya,1.4883,1.594,1.8057,1.6461,1.6464,1.7731,1.4175,1.2428,1.7101,1.5146,1.7448,1.6615,1.5834000000000001,1.7728,1.3835,1.6329,1.8095999999999999
Kyrgyz Republic,2.6654,2.7742,2.8765,2.6779,2.5505999999999998,2.5129,2.3802,3.0342,2.6105,2.6031,2.3670999999999998,2.904,2.2763,2.999,3.1044,3.0936999999999997,3.1626
Cambodia,1.922,2.1606,2.0248,2.5086999999999997,2.5331,2.6773000000000002,2.8048,2.9386,3.0157,3.0215,3.1778000000000004,3.2538,3.2749,3.3878000000000004,3.4665,3.5544000000000002,3.6235
"Korea, Rep.",6.0171,5.786899999999999,6.427,6.3023,6.2999,6.0353,6.63,6.7453,6.2021999999999995,6.2927,6.135800000000001,6.4792,6.6181,6.8147,6.7927,6.677,6.585
Kuwait,7.3296,10.2534,6.188899999999999,6.4232,8.7177,10.498899999999999,9.2358,7.977399999999999,10.8058,14.1715,13.7825,17.975099999999998,21.8655,6.5425,5.2205,5.6562,10.4822
Latin America & Caribbean (excluding high income),2.899569123,3.1566442780000004,3.133625999,3.155611918,3.212240397,3.5044841479999995,3.6258515979999997,3.303655331,3.8247236250000003,3.777528335,3.94943958,4.144566103,4.153572229,4.334799447,4.151181772999999,4.6806741679999995,4.350094984
Lao PDR,3.2445,3.1167,3.2614,3.5772,3.6344000000000003,3.8373000000000004,4.0155,4.170100000000001,3.8315,4.0433,4.0817,4.195600000000001,4.5078000000000005,4.6082,4.6267,4.4977,4.5042
Lebanon,2.4675,2.372,2.7276,2.7031,2.6848,2.1896999999999998,2.6877,2.6189,2.6249000000000002,2.7632,2.8893,2.9814000000000003,3.386,3.1491,3.1555,3.2374,3.1555999999999997
Liberia,0.9167000000000001,0.8332999999999999,0.9167000000000001,1.29,1.2615,1.4487999999999999,1.5534000000000001,1.1835,1.1785999999999999,1.1695,1.2592999999999999,1.2501,1.1872,1.1382999999999999,1.0732000000000002,1.0595,1.0836
Libya,0.6323,0.62,0.62,0.6227999999999999,0.6226,0.623,0.6217,0.6341,0.6698999999999999,0.6645,0.6792999999999999,0.6638,0.6676,0.6718,0.666,0.6624,0.66
Latin America & Caribbean,2.940848097,3.191355155,3.187471607,3.2102017000000003,3.267006345,3.5383356509999997,3.6536276729999995,3.3369499170000005,3.858402982,3.816959447,3.9726437920000004,4.165134674,4.173165804,4.349393785999999,4.180747343,4.685872226,4.3737062159999995
Least developed countries: UN classification,1.725675884,1.6877730260000001,1.71115537,1.786334864,1.8687120789999998,1.9290594809999997,1.954036197,2.0475032239999997,2.048544844,2.026495548,1.9917561170000002,1.911297878,1.967142487,2.047254991,1.9249409350000002,1.9945878030000002,1.9981418440000003
Low income,1.1156043979999999,1.133848084,1.0914963460000002,1.1659699749999999,1.2450400949999998,1.21193613,1.1711930929999999,1.3605678860000001,1.322103681,1.322000823,1.3500518019999999,1.267233142,1.292084145,1.351701637,1.283892148,1.310066618,1.315550817
Sri Lanka,3.4051,3.2826,3.5637,3.4671999999999996,3.5798,3.7279,3.6167,3.7906,3.9743000000000004,3.5208000000000004,3.5829,3.8335,3.8019000000000003,3.7355,3.8453000000000004,3.0461,3.7616
Lower middle income,2.451117773,2.5210331679999998,2.5665885719999997,2.596767381,2.6403501030000003,2.7016521190000002,2.843132407,2.852409526,2.8762707100000005,3.0037736410000004,3.040035863,3.113916515,3.159965674,3.1314378850000004,3.1971655620000003,3.23683322,3.3516366029999998
Low & middle income,2.702996262,2.71893765,2.82535846,2.8411466379999997,2.9142671879999997,2.953875897,3.119873749,3.102779724,3.133654863,3.285919206,3.2602970530000004,3.347474915,3.3835955229999994,3.4563948460000002,3.4623385250000003,3.6026664310000003,3.598971079
Lesotho,0.7363,0.6091,0.5953999999999999,0.6868,0.5225,0.43560000000000004,0.39,0.421,0.9091,0.6631,0.6535,0.7644,0.6372000000000001,0.6586000000000001,0.4669,0.9872000000000001,0.7557999999999999
Late-demographic dividend,3.4044176420000003,3.41102298,3.584862407,3.554448507,3.6624096409999995,3.690373392,3.9029145740000004,3.859393115,3.970201046,4.13102505,4.1087508349999995,4.285861315999999,4.354515460000001,4.419446919,4.440106345,4.617011498,4.571968878
Lithuania,2.7659000000000002,3.037,3.2549,2.9402,1.9294,3.0071,3.3482,3.4495999999999998,2.7635,3.0299,4.0153,3.6878,3.9751999999999996,4.5646,3.8598000000000003,4.2302,3.1812
Luxembourg,5.748,5.678,6.3966,5.6348,5.5968,5.2029,6.1064,6.202100000000001,5.5933,5.1932,5.5226999999999995,5.9674,5.9355,6.027100000000001,4.9996,5.3395,5.8623
Latvia,2.4783000000000004,2.176,2.4261999999999997,2.8029,2.264,2.9415999999999998,3.1044,3.0753000000000004,2.7755,2.738,3.7675,3.3738,3.4865,4.5131000000000006,3.8284000000000002,4.2501999999999995,3.0262
Morocco,1.0687,1.4329,1.5121,0.7838999999999999,1.6521,0.5164,1.0029,1.9194,1.5475,1.6144,1.0166,1.8283,1.4542,2.1406,0.9361,1.7575999999999998,2.2636
Moldova,2.5028,2.3535,2.832,2.7934,2.5502,2.1109,3.2216,2.3727,2.734,2.8659,2.3442,2.8518000000000003,3.1623,2.3709000000000002,3.1973000000000003,3.6519,3.6832
Madagascar,1.9674,2.2016999999999998,2.3531999999999997,2.5145,2.5653,2.6201,2.8113,3.1834000000000002,3.2716,3.2962,3.3489,3.4600999999999997,3.6084,3.6592,3.7354000000000003,4.3021,4.0039
Maldives,1.6714,1.5024000000000002,1.9701,1.7647,1.9285999999999999,1.9587999999999999,2.0788,2.1416999999999997,2.2471,2.3722,2.4941999999999998,2.5278,2.3395,2.4775,2.6455,2.6652,2.6616999999999997
Middle East & North Africa,2.324842513,2.387784862,2.348204698,2.193331226,2.48337316,2.250362477,2.174781349,2.480569962,2.273576177,2.3009183739999997,2.2648776589999997,2.436654071,2.3706340100000003,2.547964544,2.5711115970000002,2.4299494670000006,2.673958935
Mexico,2.9131,2.964,3.0786,3.1308000000000002,3.2133000000000003,3.353,3.4523,3.4337,3.5009,3.2401999999999997,3.4531,3.3866,3.5818000000000003,3.4701,3.7487,3.7996999999999996,3.8263000000000003
Middle income,2.851359335,2.879263609,2.991240905,3.01571968,3.087284809,3.1328115079999996,3.3261921190000003,3.285614763,3.349057015,3.5048244,3.5099830069999998,3.6366855649999996,3.6806547200000006,3.7262997600000003,3.7698807939999996,3.904820352,3.9135582540000002
North Macedonia,2.9013,2.4223000000000003,3.5967,3.205,3.2435,2.6252,3.5369,3.3859,3.3296,3.5021,2.8393,3.3813,3.9,3.0511,3.8590999999999998,2.8075,3.7145
Mali,0.7886,0.9813999999999999,1.2065,1.0895,1.1248,1.1012,1.3977,1.8004,1.4527999999999999,1.0468,1.5068,1.5124000000000002,1.5507,1.5755,1.6059,1.53,1.7955999999999999
Malta,4.7813,4.0136,4.0832,4.129,4.0323,4.2388,4.714300000000001,4.7892,4.6911000000000005,4.6709,4.6396999999999995,4.6686000000000005,4.740399999999999,4.8243,4.820399999999999,4.879899999999999,4.9174
Myanmar,3.1130999999999998,3.2368,3.3329,3.441,3.5557,3.6675999999999997,3.7676999999999996,3.7816,3.7981,3.5898000000000003,3.5576,3.5929,3.6366,3.6573,3.6079,3.6143,3.6045
Middle East & North Africa (excluding high income),2.2751139190000003,2.338385023,2.29071543,2.1361365059999997,2.429828966,2.190285961,2.112364839,2.447726677,2.235870523,2.2645236579999994,2.234769877,2.412292819,2.3319524179999997,2.507907373,2.5313059780000002,2.394895281,2.642174279
Mongolia,0.5854,0.7853,0.7875,0.4743,1.098,0.9425,1.3828,1.5517999999999998,1.3700999999999999,1.4854,1.5653,1.3197999999999999,1.65,0.5672999999999999,1.2795999999999998,0.6092000000000001,1.2363
Mozambique,0.5887,0.8192,0.7742,0.4284,0.6924,0.5814,0.5335,0.8843,1.0284,1.0411,1.1916,0.5648,0.7026,0.7331,0.8222999999999999,0.8171,0.8351000000000001
Mauritania,1.0118,0.7977000000000001,0.6375,0.8412000000000001,0.6613,0.7058,0.7657999999999999,0.7132999999999999,0.9552,1.3745,1.0344,1.197,1.6787999999999998,1.3368,1.2839,1.3612,1.3229000000000002
Mauritius,7.763199999999999,6.5556,6.4737,7.5397,7.793100000000001,9.453700000000001,6.1998999999999995,3.9817,4.708699999999999,3.9018,3.3895999999999997,3.2191,3.7651,2.6959,3.455,5.2348,5.2726999999999995
Malawi,1.0457,1.209,1.0206,0.7777999999999999,1.4447,2.467,1.5987,2.1243000000000003,1.9069,2.0943,2.0871,2.0688,2.2180999999999997,1.5906,1.3474000000000002,1.9031,1.5312000000000001
Malaysia,3.2321,3.3472,3.3149,3.407,3.3836,3.5406,3.5991999999999997,3.7346999999999997,3.6599,3.7802,3.8667,3.948,3.0339,4.0542,4.013199999999999,4.2508,4.128
North America,4.8467489519999996,5.254024262,6.029282188,5.745134414,5.623094403,5.932766051,5.914836142,6.416074095,6.332699013,6.180184237,5.4232142350000005,6.636387084,6.856759275,6.679094256,7.784434954,7.809845802,7.644073756000001
Namibia,0.2708,0.3015,0.4183,0.4656,0.6205,0.4813,0.4955,0.3648,0.405,0.4275,0.43110000000000004,0.4587,0.2258,0.3599,0.2615,0.4263,0.5025
New Caledonia,3.7504,4.0291,4.0077,3.9093,3.9168000000000003,4.0971,3.8209,3.8057,3.9235,3.4306,4.2837,4.0611,3.8137,4.8377,5.896199999999999,6.153899999999999,7.4814
Niger,0.4229,0.4295,0.3415,0.43660000000000004,0.4496,0.4248,0.4965,0.386,0.4948,0.3628,0.5203,0.4077,0.44680000000000003,0.5512999999999999,0.5365,0.5418999999999999,0.5548
Nigeria,1.2552,1.3088,1.3728,1.4217,1.5075,1.3998,1.5984,1.5311,1.528,1.3344,1.399,1.2347000000000001,1.4518,1.445,1.4850999999999999,1.4088,1.509
Nicaragua,1.7319,1.8602,1.7980999999999998,1.7787,1.9022999999999999,1.8225,1.811,2.0766999999999998,2.0861,1.9948,1.9442000000000002,1.7632,1.9143,1.9404000000000001,1.9337,2.1041,2.1081999999999996
Netherlands,7.313899999999999,7.9568,8.0663,7.8797,7.8542,7.2897,8.3323,9.0329,8.5693,7.800800000000001,8.545,8.6301,9.0737,8.752799999999999,7.7768999999999995,8.7945,8.3178
Norway,3.4951999999999996,3.9406999999999996,4.3997,3.992,3.674,3.8541999999999996,4.4866,3.4461,4.0032,3.4366999999999996,3.6862,3.3741999999999996,4.3622,4.8015,4.6502,4.5602,2.43
Nepal,2.1656,2.2009000000000003,2.3112,2.3116,2.2735,2.2133000000000003,2.3562,2.3691,2.2899000000000003,2.4765,2.7142,2.5696999999999997,2.7479,2.7439,2.6054,2.7956999999999996,2.896
New Zealand,6.2763,7.0599,6.4621,7.5662,7.0287,7.916399999999999,7.3798,6.9098999999999995,7.3871,6.9532,8.012,8.1056,8.0339,8.0266,8.383799999999999,8.4644,8.0643
OECD members,4.3178240070000005,4.251112902000001,4.958029785,4.6654549130000005,4.610556562,4.716893797,4.892757949,5.081381138,4.98767647,5.0377621790000005,4.729042933,5.348917222,5.5601400100000005,5.447274307,5.866793395,5.931750489,5.731842197999999
Oman,5.096,5.0668,4.8324,5.019100000000001,4.8528,4.8683000000000005,4.7748,12.1796,9.4207,9.4239,9.4807,9.0473,7.7403,13.980799999999999,13.0046,13.0485,13.3505
Other small states,1.0589478279999998,1.12608241,1.2000913519999998,1.3343670220000001,1.194038561,1.348558159,1.2963354919999999,1.3119675140000002,1.336292005,1.326752948,1.4293987320000001,1.549114386,1.3027159320000001,1.8246126870000001,1.370064353,1.613772033,1.3794579349999998
Pakistan,2.2601999999999998,2.3205999999999998,2.4307,2.6158,2.554,2.7439,2.6536999999999997,2.7897,2.611,2.9534000000000002,2.8626,3.0013,3.0012,2.9424,3.0206999999999997,3.1804,3.1244
Panama,2.591,2.6946,2.159,2.4839,2.3955,2.5995,2.6943,2.5964,2.246,2.5601,2.5398,2.8268,2.9835,2.4377,2.9923,2.955,2.9279
Peru,3.3729,3.4425,3.278,3.5579,3.5205,3.4856,3.8331999999999997,3.919,3.8979,3.898,4.1496,4.1013,4.0169,4.242100000000001,4.1875,4.2166999999999994,4.5422
Philippines,2.7306,2.8234,2.9923,3.049,3.1808,3.3198000000000003,3.3343000000000003,3.2289,3.2319,3.3406,3.4926,3.5318,3.6374,3.5561,3.529,3.6923000000000004,3.6705
Papua New Guinea,4.0049,3.5991999999999997,3.6204,3.741,3.7167,3.8868,3.9676,4.1876999999999995,4.3439,4.7893,4.191,4.6406,4.6533,4.6351,4.6538,4.6915,4.7278
Poland,3.2408,2.8654,3.5376,3.2331,2.5982,3.2495,3.2171999999999996,3.4751,3.584,3.4304,3.7049000000000003,3.8044000000000002,4.268,3.7278000000000002,4.0335,4.1996,3.4305
Pre-demographic dividend,1.1097052859999998,1.1107301090000001,1.14283689,1.149039452,1.2244321580000002,1.218919025,1.258279688,1.2837706869999999,1.332662323,1.2341253650000001,1.2856375130000002,1.1936004070000001,1.2729342240000001,1.2854313380000002,1.238403477,1.2416558500000001,1.279995332
Puerto Rico,1.7721,1.8213,1.8574000000000002,1.9175,1.8519,1.8965999999999998,2.0142,2.0448,2.0733,2.0535,1.8629,1.8291,2.11,3.0105,1.6998,1.5595,1.5535
"Korea, Dem. People's Rep.",3.1908000000000003,3.2503,3.4295999999999998,3.3678000000000003,3.5437,2.9215,3.5549,3.3644000000000003,3.424,3.5863,3.9224,3.9796,4.1541999999999994,4.4583,4.0833,4.0453,3.5643000000000002
Portugal,2.9186,2.6431999999999998,2.9656,2.114,3.209,3.4156999999999997,3.5896999999999997,3.2899000000000003,3.3513,4.0884,4.0916,4.336399999999999,4.416,4.6068999999999996,4.4224,4.7597,4.7561
Paraguay,2.0904000000000003,2.3235,2.4618,2.1679,2.3438000000000003,2.6988000000000003,2.6813000000000002,2.3574,3.4569,3.4818000000000002,3.0357,3.6832,3.2767,4.148899999999999,4.4255,4.4465,4.2257
Pacific island small states,2.162898652,2.106023242,2.103369918,2.122447439,2.101390009,2.298111252,1.971203194,2.2313836940000003,2.094297782,2.091723268,1.791777291,2.092928689,2.215971544,2.0035225079999996,2.0672837280000005,2.134030108,2.0353308309999996
Post-demographic dividend,4.479857335,4.383361549,5.155607597,4.795492731,4.7566669280000005,4.8116984689999995,5.082156626,5.207579895,5.087664029,5.224723961,4.807602385,5.533575974000001,5.816737602,5.661969352,6.155650763000001,6.175214202,6.058576164
Qatar,4.0696,3.7064,4.1216,3.6492,3.5474,4.1552,4.9219,6.323600000000001,7.5926,6.0498,6.0764,5.719,6.4947,5.8458000000000006,4.692699999999999,4.9963999999999995,8.7094
Romania,2.5125,2.5349,3.9974000000000003,3.3341999999999996,3.1023,1.6452,3.2473,2.8248,3.3297,3.993,2.3641,3.8632,4.0691999999999995,3.5439000000000003,3.9713000000000003,5.2277,6.0057
Russian Federation,1.9690999999999999,1.7774,1.8765,1.8527,1.8869,1.9898,2.3873,2.2805999999999997,1.8427,2.2603,1.8589,2.241,2.4436999999999998,2.3914,2.6506999999999996,2.9674,2.6161999999999996
Rwanda,1.0284,0.9442999999999999,0.9592999999999999,1.1836,1.1379000000000001,1.015,1.2672999999999999,1.736,1.9575,2.0831999999999997,2.1357,2.1496,1.9765,1.4435,1.4627999999999999,1.2835,1.4281
South Asia,2.304806663,2.4666821719999996,2.436434566,2.5306532170000002,2.552702257,2.702766335,2.74705807,2.738620682,2.8025836440000003,2.9753095170000003,3.0609091889999998,3.089016299,3.085187894,3.011213684,3.127489888,3.278299212,3.364060255
Saudi Arabia,4.0476,4.228899999999999,4.6752,4.7532,5.0471,5.1218,5.2213,4.8744,5.5078000000000005,5.4833,5.1642,5.3598,5.1307,5.5438,5.4011000000000005,5.6005,5.6083
Senegal,0.6516000000000001,1.0907,0.9745,1.2010999999999998,0.879,0.7225,1.1742000000000001,1.1345999999999998,1.1965,0.9669,1.2213,1.1240999999999999,1.1115,1.3760999999999999,1.2289,1.275,1.3019
Solomon Islands,4.5984,3.2076,3.125,3.0,3.3505,3.0011,2.5455,2.2727,2.0915,2.2485,2.1517,2.039,1.8845,1.7666,1.6175,1.7562,1.7135
Sierra Leone,0.9959,1.0118,1.0003,1.1178,1.3476,1.2904,1.3509,1.6459000000000001,1.7472,1.7510999999999999,1.539,1.7775,1.5292000000000001,1.3317999999999999,1.0923,1.143,1.1488
El Salvador,2.4769,2.4725,2.4861,2.6327,2.8029,2.6151999999999997,2.9053,2.7269,2.726,2.492,2.7822,2.713,2.4857,2.2881,2.7455,2.9097,2.3796999999999997
Somalia,0.7697999999999999,0.688,0.5811000000000001,0.6508999999999999,0.49369999999999997,0.6058,0.5575,0.4164,0.5752,0.4572,1.19,0.964,0.555,0.538,0.5072,0.5519,0.8282
Sub-Saharan Africa (excluding high income),1.199321001,1.1732453729999999,1.228357067,1.257868217,1.299177814,1.2643294369999998,1.3678113900000002,1.398965831,1.456857993,1.377142369,1.414601357,1.329264122,1.434303955,1.437898283,1.3668648380000001,1.4576146900000002,1.4451544550000002
Sub-Saharan Africa,1.199321001,1.1732453729999999,1.228357067,1.257868217,1.299177814,1.2643294369999998,1.3678113900000002,1.398965831,1.456857993,1.377142369,1.414601357,1.329264122,1.434303955,1.437898283,1.3668648380000001,1.4576146900000002,1.4451544550000002
Small states,1.345456315,1.468777824,1.501128,1.5837426760000002,1.472945322,1.6486087569999999,1.58406597,1.617092536,1.6437049240000001,1.6913689170000001,1.7696396719999998,2.006861639,1.6094776789999998,2.105754735,1.689712962,1.927027457,1.897997904
Sao Tome and Principe,2.1074,2.1311,2.1456999999999997,2.2239,2.4545,2.3076999999999996,2.1538000000000004,1.5385,1.6152,2.0995,2.099,2.096,2.0932,2.0482,2.0489,2.0421,2.0354
Suriname,3.9212,3.6938,3.5591999999999997,3.5976999999999997,4.1287,4.2527,4.1887,4.2089,4.232399999999999,4.1327,4.3618999999999994,4.4958,4.433,4.5296,4.433,4.879,4.868399999999999
Slovak Republic,3.8996999999999997,3.136,4.6418,4.5118,3.9963,3.5612,5.1753,4.3315,3.7373000000000003,5.009,3.8291,4.490399999999999,6.0386999999999995,5.0796,6.4304,4.856,5.4333
Slovenia,6.1179,4.0115,5.8262,6.0069,5.116,5.3413,5.4746999999999995,5.2683,5.981,6.3738,5.7619,4.6155,6.4725,6.2839,6.464600000000001,5.54,6.0524
Sweden,4.780399999999999,4.5845,4.8929,4.932300000000001,4.2922,5.1508,4.8205,5.0789,4.5104,4.712899999999999,5.1018,5.1235,5.6469,6.0536,5.4382,5.9923,3.5347
Eswatini,0.9939,1.0214,1.243,1.3133,1.4181,0.5599,0.9951,1.2837,1.2,1.337,1.3307,1.3625999999999998,0.9995,1.0665,1.1622999999999999,1.1630999999999998,1.1602000000000001
Syrian Arab Republic,1.9935,1.999,1.6575,1.7114,2.0023,1.6224,0.8967,1.7077,1.2319,1.6787999999999998,1.6432,1.5759,1.0634000000000001,1.1202999999999999,1.0940999999999999,1.0826,1.2047
Chad,0.6708999999999999,0.8272999999999999,0.6712,0.7499,0.7667999999999999,0.7992999999999999,0.7752,0.5982999999999999,0.7627999999999999,0.632,0.9348,0.8228,0.8557,0.8019,0.8447,0.8252,0.893
East Asia & Pacific (IDA & IBRD countries),4.342776606,4.343042422,4.564044345,4.6184105319999995,4.6983488609999995,4.73611481,4.906934418,4.8636192970000005,4.926379745,5.065669304999999,5.180739965,5.232094835,5.2617477280000005,5.331982331,5.379860192,5.389025839,5.435472721
Europe & Central Asia (IDA & IBRD countries),2.22888237,2.041848858,2.3508512329999998,2.2691771629999997,2.243832503,2.165550152,2.614532515,2.54856255,2.3430933460000003,2.7818203670000003,2.3658042370000003,2.809561854,2.9665101010000003,2.8814435,3.10911957,3.242049124,3.190865892
Togo,1.1311,1.1547,1.0948,1.1325999999999998,1.1307,1.1216,1.1444,1.2429000000000001,1.1874,1.2263,1.1124,1.0900999999999998,1.1531,1.237,1.1314000000000002,1.1392,1.1456
Thailand,2.9983,2.9987,2.9608000000000003,3.0467,3.0096,3.0902,3.0645,2.997,3.0726,3.2592,3.2586999999999997,3.2161999999999997,3.1439,2.961,3.0319000000000003,3.2116,3.1982
Tajikistan,1.8893,2.1006,2.1504000000000003,2.1644,2.1586999999999996,2.44,2.141,3.1194,3.1172,2.5193000000000003,2.8911,3.1594,3.1894,3.261,3.3487,3.461,3.4046
Turkmenistan,2.9211,2.7695,2.9316,2.9267,3.2884,1.3,1.1,1.6,1.7,1.366,1.2724000000000002,1.2177,1.2407000000000001,1.1992,1.1630999999999998,1.0980999999999999,1.0687
Latin America & the Caribbean (IDA & IBRD countries),2.93962999,3.191379584,3.189089198,3.2140183980000003,3.2697555339999997,3.541808382,3.658882449,3.3478701170000003,3.8744091700000003,3.8252872549999997,3.9806195069999997,4.174068776,4.182233964,4.356202736,4.188135683,4.694670954999999,4.381130765
Timor-Leste,1.6672,1.4434,1.5627,1.5419,1.5034,1.2761,1.4427,2.3155,2.4514,2.5861,2.0899,2.6564,2.9231,2.5846999999999998,2.4266,2.5278,2.5551999999999997
Middle East & North Africa (IDA & IBRD countries),2.275085829,2.338715513,2.2911131010000005,2.1361818350000004,2.430621236,2.190763814,2.1136146680000003,2.4492179860000003,2.2360694829999996,2.264915448,2.234955879,2.412515907,2.332393256,2.508542575,2.5320352109999997,2.394895281,2.642174279
South Asia (IDA & IBRD),2.304806663,2.4666821719999996,2.436434566,2.5306532170000002,2.552702257,2.702766335,2.74705807,2.738620682,2.8025836440000003,2.9753095170000003,3.0609091889999998,3.089016299,3.085187894,3.011213684,3.127489888,3.278299212,3.364060255
Sub-Saharan Africa (IDA & IBRD countries),1.199321001,1.1732453729999999,1.228357067,1.257868217,1.299177814,1.2643294369999998,1.3678113900000002,1.398965831,1.456857993,1.377142369,1.414601357,1.329264122,1.434303955,1.437898283,1.3668648380000001,1.4576146900000002,1.4451544550000002
Trinidad and Tobago,1.6693,1.5327,1.5733,1.5552000000000001,1.4784000000000002,1.6738,1.7245,1.6575,1.6674,1.6395,1.4717,1.6105,1.3185,1.0011,1.4615,1.7312,1.9872
Tunisia,1.2337,1.5155,1.3095999999999999,1.4427999999999999,1.2561,1.6225,1.4673,1.8776,1.6941,1.7107999999999999,1.6743,1.1362,1.8057999999999998,1.1028,1.5423,1.3066,1.4289
Turkey,2.242,2.3085999999999998,2.4779,2.6344000000000003,2.6619,2.4101999999999997,2.6013,2.808,2.7271,2.97,2.9583000000000004,3.2569,2.8315,3.3078000000000003,3.1054,3.2574,3.1639
Tanzania,1.8995,0.8581,1.3705999999999998,1.1016,1.3267,1.4273,1.3339,1.1104,1.6479000000000001,1.3904,1.3148,1.418,1.6734,1.6199000000000001,1.5446,1.5479,1.5683
Uganda,1.6388,1.6776,1.468,1.5737999999999999,1.5229000000000001,1.526,1.8277,2.0385999999999997,1.9785,2.0569,2.0291,1.9975,2.0211,1.9305,1.9168,2.0472,2.0495
Ukraine,2.7521999999999998,2.2784,2.8451999999999997,2.623,2.4276999999999997,2.2066999999999997,3.4869,3.0038,2.7266,3.7537,3.1568,4.0308,4.4002,4.140899999999999,4.6516,4.3159,4.852399999999999
Upper middle income,3.25251759,3.270293142,3.444508666,3.4663443869999995,3.5735453820000003,3.5950747200000004,3.8340864049999994,3.741886989,3.8722980450000004,4.034058647,4.004980817,4.180010060000001,4.217445644,4.320665843,4.358666291,4.591824274,4.49775418
Uruguay,3.4674,3.504,4.4097,4.339899999999999,4.4935,4.3472,4.3246,3.8849,4.176399999999999,4.4109,4.0705,3.7662,4.2181999999999995,4.1994,4.6755,4.6174,5.0077
United States,5.5468,6.0237,6.851100000000001,6.450699999999999,6.400399999999999,6.7044,6.5983,7.2261999999999995,6.9781,6.8035,5.911899999999999,7.3008999999999995,7.6381000000000006,7.43,8.6143,8.7811,8.691600000000001
Uzbekistan,3.8393,3.7003000000000004,3.6023,4.0439,4.1148,4.4174,4.3049,4.5862,4.4613000000000005,4.4299,4.6141000000000005,4.7641,4.823600000000001,4.8517,4.755,4.2455,4.0559
St. Vincent and the Grenadines,14.8571,14.825,14.4444,14.4186,13.571399999999999,12.181799999999999,12.7273,16.75,18.7742,27.64,25.8788,23.958299999999998,24.4857,24.218799999999998,24.742900000000002,28.225,27.837799999999998
"Venezuela, RB",3.1848,3.2106,3.3858,3.3538,3.4156999999999997,3.5944000000000003,3.4284,3.1715999999999998,3.576,3.4611,3.7601999999999998,4.0073,4.0407,3.5057,3.4269000000000003,3.1383,3.395
Vietnam,4.4409,4.5066999999999995,4.6909,4.7261999999999995,4.7498000000000005,4.8462,4.897600000000001,5.0803,5.1775,5.3812,5.462,5.4255,5.5778,5.6011999999999995,5.441,5.434399999999999,5.6854
Vanuatu,0.5262,0.5317999999999999,0.5324,0.531,0.5357000000000001,0.5517000000000001,0.5467000000000001,0.5581,0.5636,0.5708,0.5714,0.6333,0.6174,0.6033999999999999,0.6082000000000001,0.6122000000000001,0.6162000000000001
World,3.1331458629999998,3.1322939,3.395286064,3.3135273190000003,3.342902915,3.411533579,3.579353353,3.6010008929999997,3.592828556,3.7112918840000004,3.621416435,3.8242443020000003,3.896887603,3.9203475799999996,4.009231276,4.114052902,4.070667048
"Yemen, Rep.",0.9438,0.7852,0.7152000000000001,0.7131000000000001,0.9302,1.0195,0.9391,0.9952000000000001,1.0924,1.0225,1.0644,1.0082,0.9627,0.7842,0.687,0.699,0.7592000000000001
South Africa,2.7725999999999997,2.5368000000000004,2.7779000000000003,3.3096,3.141,2.7903000000000002,4.0632,4.4055,4.150399999999999,4.017,4.2435,4.043,4.8997,3.5424,3.8176,5.644,4.9335
Zambia,1.4192,1.7019000000000002,1.8144,1.8987,1.816,2.2525999999999997,2.1798,2.0664000000000002,2.5335,2.7314000000000003,2.6893000000000002,2.5324,2.7601,3.0074,2.4188,2.4794,2.1578000000000004
Zimbabwe,0.5392,0.7954,1.206,0.6537999999999999,0.9342999999999999,0.8068,0.3097,0.45239999999999997,0.7337,0.5877,0.6964,0.6693,0.8244,0.5586,0.43510000000000004,0.622,0.5791000000000001
